sim_cycles,mixed_or_same,mem_or_coh,config,alg,inj_rate,average_packet_latency,average_flit_latency,packets_received::total,packets_injected::total
2b,mixed,coh,mclb_hops_4_6,ns_m_scop,uniform_random,20cpus,160dirs,3.0GHz,0_01,3739.242306,3623.893983,1259924.0,1259926.0
2b,mixed,coh,mclb_hops_4_6,ns_m_scop,uniform_random,20cpus,160dirs,3.0GHz,0_02,3783.008676,3664.232946,2520292.0,2520297.0
2b,mixed,coh,mclb_hops_4_6,ns_m_scop,uniform_random,20cpus,160dirs,3.0GHz,0_03,3829.7055,3706.535028,3778055.0,3778059.0
2b,mixed,coh,mclb_hops_4_6,ns_m_scop,uniform_random,20cpus,160dirs,3.0GHz,0_04,3878.949929,3751.038005,5036479.0,5036491.0
2b,mixed,coh,mclb_hops_4_6,ns_m_scop,uniform_random,20cpus,160dirs,3.0GHz,0_05,3931.518309,3799.655758,6294418.0,6294428.0
2b,mixed,coh,mclb_hops_4_6,ns_m_scop,uniform_random,20cpus,160dirs,3.0GHz,0_06,3987.024883,3850.714764,7552527.0,7552541.0
2b,mixed,coh,mclb_hops_4_6,ns_m_scop,uniform_random,20cpus,160dirs,3.0GHz,0_07,4045.90131,3905.093572,8812717.0,8812731.0
2b,mixed,coh,mclb_hops_4_6,ns_m_scop,uniform_random,20cpus,160dirs,3.0GHz,0_08,4109.868846,3965.195205,10072292.0,10072307.0
2b,mixed,coh,mclb_hops_4_6,ns_m_scop,uniform_random,20cpus,160dirs,3.0GHz,0_09,4176.517076,4028.451971,11332914.0,11332948.0
2b,mixed,coh,mclb_hops_4_6,ns_m_scop,uniform_random,20cpus,160dirs,3.0GHz,0_1,4248.596902,4097.373498,12589197.0,12589212.0
2b,mixed,coh,mclb_hops_4_6,ns_m_scop,uniform_random,20cpus,160dirs,3.0GHz,0_11,4328.127447,4174.198453,13849663.0,13849688.0
2b,mixed,coh,mclb_hops_4_6,ns_m_scop,uniform_random,20cpus,160dirs,3.0GHz,0_12,4415.356422,4260.251283,15112564.0,15112604.0
2b,mixed,coh,mclb_hops_4_6,ns_m_scop,uniform_random,20cpus,160dirs,3.0GHz,0_13,4509.345336,4354.178887,16372247.0,16372282.0
2b,mixed,coh,mclb_hops_4_6,ns_m_scop,uniform_random,20cpus,160dirs,3.0GHz,0_14,4613.107733,4459.646029,17633838.0,17633876.0
2b,mixed,coh,mclb_hops_4_6,ns_m_scop,uniform_random,20cpus,160dirs,3.0GHz,0_15,4729.160197,4579.683489,18895131.0,18895174.0
2b,mixed,coh,mclb_hops_4_6,ns_m_scop,uniform_random,20cpus,160dirs,3.0GHz,0_16,4857.565574,4715.447312,20155560.0,20155609.0
2b,mixed,coh,mclb_hops_4_6,ns_m_scop,uniform_random,20cpus,160dirs,3.0GHz,0_17,5004.994464,4874.868503,21418295.0,21418330.0
2b,mixed,coh,mclb_hops_4_6,ns_m_scop,uniform_random,20cpus,160dirs,3.0GHz,0_18,5172.402761,5060.899393,22678032.0,22678092.0
2b,mixed,coh,mclb_hops_4_6,ns_m_scop,uniform_random,20cpus,160dirs,3.0GHz,0_19,5365.157848,5280.447932,23939973.0,23940034.0
2b,mixed,coh,mclb_hops_4_6,ns_m_scop,uniform_random,20cpus,160dirs,3.0GHz,0_2,5596.190716,5553.116528,25198909.0,25198955.0
2b,mixed,coh,mclb_hops_4_6,ns_m_scop,uniform_random,20cpus,160dirs,3.0GHz,0_21,5870.739117,5887.924879,26459789.0,26459858.0
2b,mixed,coh,mclb_hops_4_6,ns_m_scop,uniform_random,20cpus,160dirs,3.0GHz,0_22,6211.316891,6320.469685,27719464.0,27719540.0
2b,mixed,coh,mclb_hops_4_6,ns_m_scop,uniform_random,20cpus,160dirs,3.0GHz,0_23,6647.452678,6899.124862,28978563.0,28978646.0
2b,mixed,coh,mclb_hops_4_6,ns_m_scop,uniform_random,20cpus,160dirs,3.0GHz,0_24,7247.822532,7732.33496,30238968.0,30239058.0
2b,mixed,coh,mclb_hops_4_6,ns_m_scop,uniform_random,20cpus,160dirs,3.0GHz,0_25,8145.351686,9043.704591,31499532.0,31499625.0
2b,mixed,coh,mclb_hops_4_6,ns_m_scop,uniform_random,20cpus,160dirs,3.0GHz,0_26,9737.738537,11490.250344,32758988.0,32759098.0
2b,mixed,coh,mclb_hops_4_6,ns_m_scop,uniform_random,20cpus,160dirs,3.0GHz,0_27,13650.110252,17780.98852,34015861.0,34015977.0
2b,mixed,coh,mclb_hops_4_6,ns_m_scop,uniform_random,20cpus,160dirs,3.0GHz,0_28,598926.792362,993321.711162,35257929.0,35258041.0
2b,mixed,coh,mclb_hops_4_6,ns_m_scop,uniform_random,20cpus,160dirs,3.0GHz,0_29,15300576.540284,25755209.410262,35989425.0,35989548.0
2b,mixed,coh,mclb_hops_4_6,ns_m_scop,uniform_random,20cpus,160dirs,3.0GHz,0_3,34597773.89632,59055439.861149,36498364.0,36498476.0
2b,mixed,coh,mclb_hops_4_6,ns_m_scop,uniform_random,20cpus,160dirs,3.0GHz,0_31,51905504.441785,89816635.914526,37004751.0,37004882.0
2b,mixed,coh,mclb_hops_4_6,ns_m_scop,uniform_random,20cpus,160dirs,3.0GHz,0_32,67366504.281175,118145729.589257,37512522.0,37512640.0
2b,mixed,coh,mclb_hops_4_6,ns_m_scop,uniform_random,20cpus,160dirs,3.0GHz,0_33,81213395.216911,144338715.189057,38020277.0,38020429.0
2b,mixed,coh,mclb_hops_4_6,ns_m_scop,uniform_random,20cpus,160dirs,3.0GHz,0_34,93605267.003996,168559304.768212,38529073.0,38529210.0
2b,mixed,coh,mclb_hops_4_6,ns_m_scop,uniform_random,20cpus,160dirs,1.8GHz,0_01,8738.300554,8601.097662,755112.0,755113.0
2b,mixed,coh,mclb_hops_4_6,ns_m_scop,uniform_random,20cpus,160dirs,1.8GHz,0_02,8800.332464,8657.181647,1509782.0,1509788.0
2b,mixed,coh,mclb_hops_4_6,ns_m_scop,uniform_random,20cpus,160dirs,1.8GHz,0_03,8866.340872,8714.379421,2262964.0,2262975.0
2b,mixed,coh,mclb_hops_4_6,ns_m_scop,uniform_random,20cpus,160dirs,1.8GHz,0_04,8930.923042,8769.64065,3015894.0,3015904.0
2b,mixed,coh,mclb_hops_4_6,ns_m_scop,uniform_random,20cpus,160dirs,1.8GHz,0_05,8999.82802,8832.3579,3769075.0,3769090.0
2b,mixed,coh,mclb_hops_4_6,ns_m_scop,uniform_random,20cpus,160dirs,1.8GHz,0_06,9072.328596,8897.761212,4522965.0,4522993.0
2b,mixed,coh,mclb_hops_4_6,ns_m_scop,uniform_random,20cpus,160dirs,1.8GHz,0_07,9145.943986,8964.507324,5278123.0,5278140.0
2b,mixed,coh,mclb_hops_4_6,ns_m_scop,uniform_random,20cpus,160dirs,1.8GHz,0_08,9226.232185,9039.325905,6033790.0,6033822.0
2b,mixed,coh,mclb_hops_4_6,ns_m_scop,uniform_random,20cpus,160dirs,1.8GHz,0_09,9306.756975,9115.657283,6788908.0,6788934.0
2b,mixed,coh,mclb_hops_4_6,ns_m_scop,uniform_random,20cpus,160dirs,1.8GHz,0_1,9391.184034,9198.025759,7542217.0,7542249.0
2b,mixed,coh,mclb_hops_4_6,ns_m_scop,uniform_random,20cpus,160dirs,1.8GHz,0_11,9484.333613,9289.79161,8296268.0,8296305.0
2b,mixed,coh,mclb_hops_4_6,ns_m_scop,uniform_random,20cpus,160dirs,1.8GHz,0_12,9584.226435,9390.570383,9051422.0,9051459.0
2b,mixed,coh,mclb_hops_4_6,ns_m_scop,uniform_random,20cpus,160dirs,1.8GHz,0_13,9689.831824,9499.337537,9806371.0,9806426.0
2b,mixed,coh,mclb_hops_4_6,ns_m_scop,uniform_random,20cpus,160dirs,1.8GHz,0_14,9802.970548,9619.753695,10561970.0,10562017.0
2b,mixed,coh,mclb_hops_4_6,ns_m_scop,uniform_random,20cpus,160dirs,1.8GHz,0_15,9927.614674,9753.034066,11318028.0,11318081.0
2b,mixed,coh,mclb_hops_4_6,ns_m_scop,uniform_random,20cpus,160dirs,1.8GHz,0_16,10061.941512,9902.337752,12072613.0,12072676.0
2b,mixed,coh,mclb_hops_4_6,ns_m_scop,uniform_random,20cpus,160dirs,1.8GHz,0_17,10212.526481,10073.06907,12827627.0,12827692.0
2b,mixed,coh,mclb_hops_4_6,ns_m_scop,uniform_random,20cpus,160dirs,1.8GHz,0_18,10375.371837,10261.996676,13581668.0,13581731.0
2b,mixed,coh,mclb_hops_4_6,ns_m_scop,uniform_random,20cpus,160dirs,1.8GHz,0_19,10561.463893,10483.668848,14337223.0,14337283.0
2b,mixed,coh,mclb_hops_4_6,ns_m_scop,uniform_random,20cpus,160dirs,1.8GHz,0_2,10775.622328,10746.788615,15090334.0,15090416.0
2b,mixed,coh,mclb_hops_4_6,ns_m_scop,uniform_random,20cpus,160dirs,1.8GHz,0_21,11019.357451,11053.725814,15845455.0,15845528.0
2b,mixed,coh,mclb_hops_4_6,ns_m_scop,uniform_random,20cpus,160dirs,1.8GHz,0_22,11308.715208,11429.123827,16600716.0,16600789.0
2b,mixed,coh,mclb_hops_4_6,ns_m_scop,uniform_random,20cpus,160dirs,1.8GHz,0_23,11652.551718,11890.087207,17354138.0,17354228.0
2b,mixed,coh,mclb_hops_4_6,ns_m_scop,uniform_random,20cpus,160dirs,1.8GHz,0_24,12084.586146,12487.303657,18107799.0,18107910.0
2b,mixed,coh,mclb_hops_4_6,ns_m_scop,uniform_random,20cpus,160dirs,1.8GHz,0_25,12629.54175,13264.918324,18861903.0,18862014.0
2b,mixed,coh,mclb_hops_4_6,ns_m_scop,uniform_random,20cpus,160dirs,1.8GHz,0_26,13385.271373,14379.81589,19615841.0,19615940.0
2b,mixed,coh,mclb_hops_4_6,ns_m_scop,uniform_random,20cpus,160dirs,1.8GHz,0_27,14493.227705,16066.434,20368508.0,20368609.0
2b,mixed,coh,mclb_hops_4_6,ns_m_scop,uniform_random,20cpus,160dirs,1.8GHz,0_28,16345.403333,18973.68512,21124013.0,21124123.0
2b,mixed,coh,mclb_hops_4_6,ns_m_scop,uniform_random,20cpus,160dirs,1.8GHz,0_29,19881.905228,24674.495107,21877330.0,21877445.0
2b,mixed,coh,mclb_hops_4_6,ns_m_scop,uniform_random,20cpus,160dirs,1.8GHz,0_3,30682.00895,42454.832877,22632894.0,22633015.0
2b,mixed,coh,mclb_hops_4_6,ns_m_scop,uniform_random,20cpus,160dirs,1.8GHz,0_31,1234482.667275,2050267.229058,23362635.0,23362791.0
2b,mixed,coh,mclb_hops_4_6,ns_m_scop,uniform_random,20cpus,160dirs,1.8GHz,0_32,18265699.174259,30804596.519914,23713883.0,23714013.0
2b,mixed,coh,mclb_hops_4_6,ns_m_scop,uniform_random,20cpus,160dirs,1.8GHz,0_33,34984830.809949,59728766.593341,24036867.0,24037012.0
2b,mixed,coh,mclb_hops_4_6,ns_m_scop,uniform_random,20cpus,160dirs,1.8GHz,0_34,50158597.31196,86662034.26388,24358925.0,24359075.0
2b,mixed,coh,mclb_hops_4_6,ns_m_scop,uniform_random,20cpus,160dirs,2.7GHz,0_01,5903.241258,5795.272842,1133486.0,1133489.0
2b,mixed,coh,mclb_hops_4_6,ns_m_scop,uniform_random,20cpus,160dirs,2.7GHz,0_02,5949.278236,5837.414299,2267625.0,2267632.0
2b,mixed,coh,mclb_hops_4_6,ns_m_scop,uniform_random,20cpus,160dirs,2.7GHz,0_03,5998.602275,5881.186835,3400211.0,3400216.0
2b,mixed,coh,mclb_hops_4_6,ns_m_scop,uniform_random,20cpus,160dirs,2.7GHz,0_04,6048.756298,5925.967272,4532524.0,4532534.0
2b,mixed,coh,mclb_hops_4_6,ns_m_scop,uniform_random,20cpus,160dirs,2.7GHz,0_05,6102.144225,5975.293674,5664582.0,5664602.0
2b,mixed,coh,mclb_hops_4_6,ns_m_scop,uniform_random,20cpus,160dirs,2.7GHz,0_06,6157.836885,6026.429382,6797022.0,6797039.0
2b,mixed,coh,mclb_hops_4_6,ns_m_scop,uniform_random,20cpus,160dirs,2.7GHz,0_07,6215.742155,6080.293164,7931952.0,7931969.0
2b,mixed,coh,mclb_hops_4_6,ns_m_scop,uniform_random,20cpus,160dirs,2.7GHz,0_08,6278.907085,6140.443023,9066487.0,9066513.0
2b,mixed,coh,mclb_hops_4_6,ns_m_scop,uniform_random,20cpus,160dirs,2.7GHz,0_09,6343.494678,6203.181036,10200324.0,10200352.0
2b,mixed,coh,mclb_hops_4_6,ns_m_scop,uniform_random,20cpus,160dirs,2.7GHz,0_1,6412.288244,6270.85588,11331766.0,11331799.0
2b,mixed,coh,mclb_hops_4_6,ns_m_scop,uniform_random,20cpus,160dirs,2.7GHz,0_11,6488.195671,6346.603195,12465492.0,12465536.0
2b,mixed,coh,mclb_hops_4_6,ns_m_scop,uniform_random,20cpus,160dirs,2.7GHz,0_12,6570.019776,6430.511881,13601537.0,13601578.0
2b,mixed,coh,mclb_hops_4_6,ns_m_scop,uniform_random,20cpus,160dirs,2.7GHz,0_13,6657.71694,6521.601247,14735598.0,14735633.0
2b,mixed,coh,mclb_hops_4_6,ns_m_scop,uniform_random,20cpus,160dirs,2.7GHz,0_14,6753.825185,6624.581752,15870084.0,15870144.0
2b,mixed,coh,mclb_hops_4_6,ns_m_scop,uniform_random,20cpus,160dirs,2.7GHz,0_15,6860.118746,6740.041184,17005308.0,17005372.0
2b,mixed,coh,mclb_hops_4_6,ns_m_scop,uniform_random,20cpus,160dirs,2.7GHz,0_16,6976.631809,6870.650796,18140189.0,18140256.0
2b,mixed,coh,mclb_hops_4_6,ns_m_scop,uniform_random,20cpus,160dirs,2.7GHz,0_17,7107.596833,7020.022505,19276199.0,19276254.0
2b,mixed,coh,mclb_hops_4_6,ns_m_scop,uniform_random,20cpus,160dirs,2.7GHz,0_18,7255.819234,7194.478217,20410370.0,20410439.0
2b,mixed,coh,mclb_hops_4_6,ns_m_scop,uniform_random,20cpus,160dirs,2.7GHz,0_19,7424.314205,7397.112474,21546893.0,21546970.0
2b,mixed,coh,mclb_hops_4_6,ns_m_scop,uniform_random,20cpus,160dirs,2.7GHz,0_2,7622.412899,7642.889471,22679470.0,22679553.0
2b,mixed,coh,mclb_hops_4_6,ns_m_scop,uniform_random,20cpus,160dirs,2.7GHz,0_21,7854.614632,7939.248267,23812519.0,23812603.0
2b,mixed,coh,mclb_hops_4_6,ns_m_scop,uniform_random,20cpus,160dirs,2.7GHz,0_22,8141.931977,8318.40468,24946190.0,24946277.0
2b,mixed,coh,mclb_hops_4_6,ns_m_scop,uniform_random,20cpus,160dirs,2.7GHz,0_23,8495.356003,8801.082688,26078765.0,26078856.0
2b,mixed,coh,mclb_hops_4_6,ns_m_scop,uniform_random,20cpus,160dirs,2.7GHz,0_24,8965.370738,9465.884696,27213384.0,27213490.0
2b,mixed,coh,mclb_hops_4_6,ns_m_scop,uniform_random,20cpus,160dirs,2.7GHz,0_25,9617.994377,10423.03991,28346842.0,28346956.0
2b,mixed,coh,mclb_hops_4_6,ns_m_scop,uniform_random,20cpus,160dirs,2.7GHz,0_26,10631.00012,11965.687544,29480167.0,29480291.0
2b,mixed,coh,mclb_hops_4_6,ns_m_scop,uniform_random,20cpus,160dirs,2.7GHz,0_27,12426.714615,14796.007716,30612432.0,30612563.0
2b,mixed,coh,mclb_hops_4_6,ns_m_scop,uniform_random,20cpus,160dirs,2.7GHz,0_28,16951.282329,22155.1302,31745019.0,31745142.0
2b,mixed,coh,mclb_hops_4_6,ns_m_scop,uniform_random,20cpus,160dirs,2.7GHz,0_29,346043.347737,570509.510118,32868529.0,32868668.0
2b,mixed,coh,mclb_hops_4_6,ns_m_scop,uniform_random,20cpus,160dirs,2.7GHz,0_3,13330618.538999,22406739.277151,33573444.0,33573590.0
2b,mixed,coh,mclb_hops_4_6,ns_m_scop,uniform_random,20cpus,160dirs,2.7GHz,0_31,31644562.388637,53892210.547172,34050530.0,34050677.0
2b,mixed,coh,mclb_hops_4_6,ns_m_scop,uniform_random,20cpus,160dirs,2.7GHz,0_32,47841239.842014,82507051.782692,34533755.0,34533894.0
2b,mixed,coh,mclb_hops_4_6,ns_m_scop,uniform_random,20cpus,160dirs,2.7GHz,0_33,62541402.136865,109211940.719765,35018130.0,35018282.0
2b,mixed,coh,mclb_hops_4_6,ns_m_scop,uniform_random,20cpus,160dirs,2.7GHz,0_34,75971508.128819,134322561.144597,35495677.0,35495837.0
2b,mixed,coh,mclb_hops_4_6,ft_x,uniform_random,20cpus,160dirs,1.8GHz,0_01,8989.285171,8851.153241,755112.0,755113.0
2b,mixed,coh,mclb_hops_4_6,ft_x,uniform_random,20cpus,160dirs,1.8GHz,0_02,9055.252923,8908.300689,1509782.0,1509788.0
2b,mixed,coh,mclb_hops_4_6,ft_x,uniform_random,20cpus,160dirs,1.8GHz,0_03,9124.221563,8967.245861,2262962.0,2262975.0
2b,mixed,coh,mclb_hops_4_6,ft_x,uniform_random,20cpus,160dirs,1.8GHz,0_04,9194.516409,9028.294738,3015893.0,3015904.0
2b,mixed,coh,mclb_hops_4_6,ft_x,uniform_random,20cpus,160dirs,1.8GHz,0_05,9265.556557,9092.956453,3769073.0,3769090.0
2b,mixed,coh,mclb_hops_4_6,ft_x,uniform_random,20cpus,160dirs,1.8GHz,0_06,9343.556764,9163.041829,4522964.0,4522993.0
2b,mixed,coh,mclb_hops_4_6,ft_x,uniform_random,20cpus,160dirs,1.8GHz,0_07,9423.462516,9236.240453,5278121.0,5278140.0
2b,mixed,coh,mclb_hops_4_6,ft_x,uniform_random,20cpus,160dirs,1.8GHz,0_08,9506.967784,9313.60457,6033789.0,6033822.0
2b,mixed,coh,mclb_hops_4_6,ft_x,uniform_random,20cpus,160dirs,1.8GHz,0_09,9593.495052,9395.909827,6788907.0,6788934.0
2b,mixed,coh,mclb_hops_4_6,ft_x,uniform_random,20cpus,160dirs,1.8GHz,0_1,9684.136179,9483.620014,7542216.0,7542249.0
2b,mixed,coh,mclb_hops_4_6,ft_x,uniform_random,20cpus,160dirs,1.8GHz,0_11,9782.238118,9581.292737,8296268.0,8296305.0
2b,mixed,coh,mclb_hops_4_6,ft_x,uniform_random,20cpus,160dirs,1.8GHz,0_12,9890.473331,9689.914406,9051419.0,9051459.0
2b,mixed,coh,mclb_hops_4_6,ft_x,uniform_random,20cpus,160dirs,1.8GHz,0_13,10001.665492,9804.199614,9806373.0,9806427.0
2b,mixed,coh,mclb_hops_4_6,ft_x,uniform_random,20cpus,160dirs,1.8GHz,0_14,10122.991856,9932.894113,10561968.0,10562017.0
2b,mixed,coh,mclb_hops_4_6,ft_x,uniform_random,20cpus,160dirs,1.8GHz,0_15,10255.28098,10073.483048,11318029.0,11318081.0
2b,mixed,coh,mclb_hops_4_6,ft_x,uniform_random,20cpus,160dirs,1.8GHz,0_16,10399.041076,10231.862307,12072613.0,12072677.0
2b,mixed,coh,mclb_hops_4_6,ft_x,uniform_random,20cpus,160dirs,1.8GHz,0_17,10558.306465,10410.876053,12827618.0,12827690.0
2b,mixed,coh,mclb_hops_4_6,ft_x,uniform_random,20cpus,160dirs,1.8GHz,0_18,10733.858829,10614.031391,13581662.0,13581730.0
2b,mixed,coh,mclb_hops_4_6,ft_x,uniform_random,20cpus,160dirs,1.8GHz,0_19,10928.232958,10843.87245,14337222.0,14337283.0
2b,mixed,coh,mclb_hops_4_6,ft_x,uniform_random,20cpus,160dirs,1.8GHz,0_2,11154.709429,11120.17087,15090322.0,15090413.0
2b,mixed,coh,mclb_hops_4_6,ft_x,uniform_random,20cpus,160dirs,1.8GHz,0_21,11408.697511,11435.567016,15845451.0,15845529.0
2b,mixed,coh,mclb_hops_4_6,ft_x,uniform_random,20cpus,160dirs,1.8GHz,0_22,11711.061068,11823.703037,16600709.0,16600790.0
2b,mixed,coh,mclb_hops_4_6,ft_x,uniform_random,20cpus,160dirs,1.8GHz,0_23,12072.295224,12303.473088,17354135.0,17354232.0
2b,mixed,coh,mclb_hops_4_6,ft_x,uniform_random,20cpus,160dirs,1.8GHz,0_24,12520.655636,12918.89677,18107795.0,18107905.0
2b,mixed,coh,mclb_hops_4_6,ft_x,uniform_random,20cpus,160dirs,1.8GHz,0_25,13080.224243,13707.129191,18861892.0,18862014.0
2b,mixed,coh,mclb_hops_4_6,ft_x,uniform_random,20cpus,160dirs,1.8GHz,0_26,13849.652776,14834.417056,19615834.0,19615941.0
2b,mixed,coh,mclb_hops_4_6,ft_x,uniform_random,20cpus,160dirs,1.8GHz,0_27,14958.611743,16510.444135,20368510.0,20368610.0
2b,mixed,coh,mclb_hops_4_6,ft_x,uniform_random,20cpus,160dirs,1.8GHz,0_28,16761.935685,19323.612464,21124003.0,21124133.0
2b,mixed,coh,mclb_hops_4_6,ft_x,uniform_random,20cpus,160dirs,1.8GHz,0_29,20293.295664,24997.19848,21877324.0,21877453.0
2b,mixed,coh,mclb_hops_4_6,ft_x,uniform_random,20cpus,160dirs,1.8GHz,0_3,30785.022106,42248.746009,22632973.0,22633119.0
2b,mixed,coh,mclb_hops_4_6,ft_x,uniform_random,20cpus,160dirs,1.8GHz,0_31,1205354.114293,2001209.18952,23363931.0,23364095.0
2b,mixed,coh,mclb_hops_4_6,ft_x,uniform_random,20cpus,160dirs,1.8GHz,0_32,17833744.979949,30066876.526703,23723773.0,23723911.0
2b,mixed,coh,mclb_hops_4_6,ft_x,uniform_random,20cpus,160dirs,1.8GHz,0_33,34614535.144742,59077876.390708,24047332.0,24047484.0
2b,mixed,coh,mclb_hops_4_6,ft_x,uniform_random,20cpus,160dirs,1.8GHz,0_34,49910201.981545,86214520.489162,24365871.0,24366044.0
2b,mixed,coh,mclb_hops_4_6,ns_m_scop,uniform_random,20cpus,160dirs,3.3GHz,0_01,5201.337096,5094.118718,1384767.0,1384770.0
2b,mixed,coh,mclb_hops_4_6,ns_m_scop,uniform_random,20cpus,160dirs,3.3GHz,0_02,5251.772532,5141.360534,2769793.0,2769799.0
2b,mixed,coh,mclb_hops_4_6,ns_m_scop,uniform_random,20cpus,160dirs,3.3GHz,0_03,5306.721585,5191.379859,4151659.0,4151666.0
2b,mixed,coh,mclb_hops_4_6,ns_m_scop,uniform_random,20cpus,160dirs,3.3GHz,0_04,5364.493675,5244.146699,5534823.0,5534837.0
2b,mixed,coh,mclb_hops_4_6,ns_m_scop,uniform_random,20cpus,160dirs,3.3GHz,0_05,5426.200582,5301.95279,6917613.0,6917628.0
2b,mixed,coh,mclb_hops_4_6,ns_m_scop,uniform_random,20cpus,160dirs,3.3GHz,0_06,5492.338474,5363.684098,8300444.0,8300464.0
2b,mixed,coh,mclb_hops_4_6,ns_m_scop,uniform_random,20cpus,160dirs,3.3GHz,0_07,5561.941102,5429.382092,9684246.0,9684262.0
2b,mixed,coh,mclb_hops_4_6,ns_m_scop,uniform_random,20cpus,160dirs,3.3GHz,0_08,5639.764826,5503.974266,11069133.0,11069164.0
2b,mixed,coh,mclb_hops_4_6,ns_m_scop,uniform_random,20cpus,160dirs,3.3GHz,0_09,5721.163037,5583.35051,12453941.0,12453977.0
2b,mixed,coh,mclb_hops_4_6,ns_m_scop,uniform_random,20cpus,160dirs,3.3GHz,0_1,5810.256398,5671.172433,13836470.0,13836500.0
2b,mixed,coh,mclb_hops_4_6,ns_m_scop,uniform_random,20cpus,160dirs,3.3GHz,0_11,5910.988657,5771.910112,15220510.0,15220556.0
2b,mixed,coh,mclb_hops_4_6,ns_m_scop,uniform_random,20cpus,160dirs,3.3GHz,0_12,6021.97674,5885.973499,16607686.0,16607722.0
2b,mixed,coh,mclb_hops_4_6,ns_m_scop,uniform_random,20cpus,160dirs,3.3GHz,0_13,6145.108269,6014.412682,17993653.0,17993703.0
2b,mixed,coh,mclb_hops_4_6,ns_m_scop,uniform_random,20cpus,160dirs,3.3GHz,0_14,6283.765589,6162.786936,19380473.0,19380516.0
2b,mixed,coh,mclb_hops_4_6,ns_m_scop,uniform_random,20cpus,160dirs,3.3GHz,0_15,6443.589471,6337.819751,20766957.0,20767020.0
2b,mixed,coh,mclb_hops_4_6,ns_m_scop,uniform_random,20cpus,160dirs,3.3GHz,0_16,6626.086398,6543.709657,22154156.0,22154234.0
2b,mixed,coh,mclb_hops_4_6,ns_m_scop,uniform_random,20cpus,160dirs,3.3GHz,0_17,6843.916314,6796.699413,23541556.0,23541626.0
2b,mixed,coh,mclb_hops_4_6,ns_m_scop,uniform_random,20cpus,160dirs,3.3GHz,0_18,7103.061839,7108.661547,24926715.0,24926795.0
2b,mixed,coh,mclb_hops_4_6,ns_m_scop,uniform_random,20cpus,160dirs,3.3GHz,0_19,7420.99134,7504.80627,26312400.0,26312482.0
2b,mixed,coh,mclb_hops_4_6,ns_m_scop,uniform_random,20cpus,160dirs,3.3GHz,0_2,7835.4995,8045.431423,27695500.0,27695585.0
2b,mixed,coh,mclb_hops_4_6,ns_m_scop,uniform_random,20cpus,160dirs,3.3GHz,0_21,8392.725327,8806.426198,29081797.0,29081882.0
2b,mixed,coh,mclb_hops_4_6,ns_m_scop,uniform_random,20cpus,160dirs,3.3GHz,0_22,9213.175458,9986.657285,30465380.0,30465480.0
2b,mixed,coh,mclb_hops_4_6,ns_m_scop,uniform_random,20cpus,160dirs,3.3GHz,0_23,10591.339894,12075.780744,31846517.0,31846648.0
2b,mixed,coh,mclb_hops_4_6,ns_m_scop,uniform_random,20cpus,160dirs,3.3GHz,0_24,13828.320525,17232.326343,33231535.0,33231662.0
2b,mixed,coh,mclb_hops_4_6,ns_m_scop,uniform_random,20cpus,160dirs,3.3GHz,0_25,127107.657745,205779.570119,34613194.0,34613338.0
2b,mixed,coh,mclb_hops_4_6,ns_m_scop,uniform_random,20cpus,160dirs,3.3GHz,0_26,14234248.347715,23942775.964546,35501126.0,35501287.0
2b,mixed,coh,mclb_hops_4_6,ns_m_scop,uniform_random,20cpus,160dirs,3.3GHz,0_27,35453707.920522,60556892.245103,36067562.0,36067712.0
2b,mixed,coh,mclb_hops_4_6,ns_m_scop,uniform_random,20cpus,160dirs,3.3GHz,0_28,54268891.165978,94090917.644513,36636393.0,36636550.0
2b,mixed,coh,mclb_hops_4_6,ns_m_scop,uniform_random,20cpus,160dirs,3.3GHz,0_29,70857957.261267,124672987.409647,37203871.0,37204043.0
2b,mixed,coh,mclb_hops_4_6,ns_m_scop,uniform_random,20cpus,160dirs,3.3GHz,0_3,85597568.205906,152813846.477559,37770886.0,37771032.0
2b,mixed,coh,mclb_hops_4_6,ns_m_scop,uniform_random,20cpus,160dirs,3.3GHz,0_31,98645509.177877,178645823.276087,38337435.0,38337595.0
2b,mixed,coh,mclb_hops_4_6,ns_m_scop,uniform_random,20cpus,160dirs,3.3GHz,0_32,110113014.616155,202239242.732829,38902519.0,38902672.0
2b,mixed,coh,mclb_hops_4_6,ns_m_scop,uniform_random,20cpus,160dirs,3.3GHz,0_33,120325044.447639,224089152.308365,39468491.0,39468651.0
2b,mixed,coh,mclb_hops_4_6,ns_m_scop,uniform_random,20cpus,160dirs,3.3GHz,0_34,129342165.354056,244212051.02546,40033179.0,40033334.0
2b,mixed,coh,mclb_hops_4_6,ns_m_scop,uniform_random,20cpus,160dirs,2.4GHz,0_01,6608.134616,6465.798348,1006246.0,1006248.0
2b,mixed,coh,mclb_hops_4_6,ns_m_scop,uniform_random,20cpus,160dirs,2.4GHz,0_02,6658.485227,6514.486757,2012834.0,2012843.0
2b,mixed,coh,mclb_hops_4_6,ns_m_scop,uniform_random,20cpus,160dirs,2.4GHz,0_03,6711.923849,6565.008837,3017381.0,3017390.0
2b,mixed,coh,mclb_hops_4_6,ns_m_scop,uniform_random,20cpus,160dirs,2.4GHz,0_04,6766.25085,6615.76738,4021525.0,4021541.0
2b,mixed,coh,mclb_hops_4_6,ns_m_scop,uniform_random,20cpus,160dirs,2.4GHz,0_05,6823.773973,6671.17658,5026176.0,5026194.0
2b,mixed,coh,mclb_hops_4_6,ns_m_scop,uniform_random,20cpus,160dirs,2.4GHz,0_06,6884.532808,6729.121629,6030916.0,6030932.0
2b,mixed,coh,mclb_hops_4_6,ns_m_scop,uniform_random,20cpus,160dirs,2.4GHz,0_07,6947.002606,6789.079712,7037242.0,7037258.0
2b,mixed,coh,mclb_hops_4_6,ns_m_scop,uniform_random,20cpus,160dirs,2.4GHz,0_08,7014.685908,6855.137778,8043959.0,8043985.0
2b,mixed,coh,mclb_hops_4_6,ns_m_scop,uniform_random,20cpus,160dirs,2.4GHz,0_09,7083.943467,6923.936611,9050651.0,9050675.0
2b,mixed,coh,mclb_hops_4_6,ns_m_scop,uniform_random,20cpus,160dirs,2.4GHz,0_1,7156.85694,6997.326252,10054713.0,10054738.0
2b,mixed,coh,mclb_hops_4_6,ns_m_scop,uniform_random,20cpus,160dirs,2.4GHz,0_11,7236.36456,7077.929721,11060662.0,11060693.0
2b,mixed,coh,mclb_hops_4_6,ns_m_scop,uniform_random,20cpus,160dirs,2.4GHz,0_12,7322.420227,7167.277743,12067681.0,12067719.0
2b,mixed,coh,mclb_hops_4_6,ns_m_scop,uniform_random,20cpus,160dirs,2.4GHz,0_13,7412.768722,7262.311061,13074343.0,13074378.0
2b,mixed,coh,mclb_hops_4_6,ns_m_scop,uniform_random,20cpus,160dirs,2.4GHz,0_14,7511.238626,7368.644982,14082615.0,14082667.0
2b,mixed,coh,mclb_hops_4_6,ns_m_scop,uniform_random,20cpus,160dirs,2.4GHz,0_15,7619.321092,7487.069149,15090066.0,15090120.0
2b,mixed,coh,mclb_hops_4_6,ns_m_scop,uniform_random,20cpus,160dirs,2.4GHz,0_16,7736.593954,7618.970874,16096915.0,16096959.0
2b,mixed,coh,mclb_hops_4_6,ns_m_scop,uniform_random,20cpus,160dirs,2.4GHz,0_17,7866.631334,7768.036032,17104928.0,17104992.0
2b,mixed,coh,mclb_hops_4_6,ns_m_scop,uniform_random,20cpus,160dirs,2.4GHz,0_18,8010.247029,7936.947089,18110561.0,18110621.0
2b,mixed,coh,mclb_hops_4_6,ns_m_scop,uniform_random,20cpus,160dirs,2.4GHz,0_19,8173.303102,8133.268853,19118575.0,19118638.0
2b,mixed,coh,mclb_hops_4_6,ns_m_scop,uniform_random,20cpus,160dirs,2.4GHz,0_2,8363.578359,8369.432106,20124356.0,20124423.0
2b,mixed,coh,mclb_hops_4_6,ns_m_scop,uniform_random,20cpus,160dirs,2.4GHz,0_21,8579.339132,8643.522232,21130481.0,21130574.0
2b,mixed,coh,mclb_hops_4_6,ns_m_scop,uniform_random,20cpus,160dirs,2.4GHz,0_22,8839.45442,8984.550615,22136476.0,22136554.0
2b,mixed,coh,mclb_hops_4_6,ns_m_scop,uniform_random,20cpus,160dirs,2.4GHz,0_23,9153.513237,9410.607205,23140256.0,23140347.0
2b,mixed,coh,mclb_hops_4_6,ns_m_scop,uniform_random,20cpus,160dirs,2.4GHz,0_24,9552.061887,9968.071144,24146027.0,24146137.0
2b,mixed,coh,mclb_hops_4_6,ns_m_scop,uniform_random,20cpus,160dirs,2.4GHz,0_25,10081.426896,10733.786671,25151717.0,25151809.0
2b,mixed,coh,mclb_hops_4_6,ns_m_scop,uniform_random,20cpus,160dirs,2.4GHz,0_26,10832.115417,11857.158554,26156137.0,26156246.0
2b,mixed,coh,mclb_hops_4_6,ns_m_scop,uniform_random,20cpus,160dirs,2.4GHz,0_27,11998.379836,13660.515633,27161302.0,27161432.0
2b,mixed,coh,mclb_hops_4_6,ns_m_scop,uniform_random,20cpus,160dirs,2.4GHz,0_28,14173.347627,17126.054763,28167469.0,28167576.0
2b,mixed,coh,mclb_hops_4_6,ns_m_scop,uniform_random,20cpus,160dirs,2.4GHz,0_29,19623.743649,26034.468064,29171826.0,29171941.0
2b,mixed,coh,mclb_hops_4_6,ns_m_scop,uniform_random,20cpus,160dirs,2.4GHz,0_3,144793.859956,234474.732191,30175525.0,30175662.0
2b,mixed,coh,mclb_hops_4_6,ns_m_scop,uniform_random,20cpus,160dirs,2.4GHz,0_31,13263501.897274,22292508.334054,30784836.0,30784989.0
2b,mixed,coh,mclb_hops_4_6,ns_m_scop,uniform_random,20cpus,160dirs,2.4GHz,0_32,30656919.463266,52170690.12804,31216264.0,31216420.0
2b,mixed,coh,mclb_hops_4_6,ns_m_scop,uniform_random,20cpus,160dirs,2.4GHz,0_33,46576576.831749,80237355.277848,31646192.0,31646344.0
2b,mixed,coh,mclb_hops_4_6,ns_m_scop,uniform_random,20cpus,160dirs,2.4GHz,0_34,60799088.727218,106000339.499211,32079456.0,32079597.0
2b,mixed,coh,mclb_hops_4_6,ft_x,uniform_random,20cpus,160dirs,2.7GHz,0_01,6068.567852,5961.037556,1133486.0,1133489.0
2b,mixed,coh,mclb_hops_4_6,ft_x,uniform_random,20cpus,160dirs,2.7GHz,0_02,6119.63886,6005.952725,2267627.0,2267632.0
2b,mixed,coh,mclb_hops_4_6,ft_x,uniform_random,20cpus,160dirs,2.7GHz,0_03,6171.443578,6051.714452,3400211.0,3400216.0
2b,mixed,coh,mclb_hops_4_6,ft_x,uniform_random,20cpus,160dirs,2.7GHz,0_04,6225.380573,6099.894968,4532523.0,4532534.0
2b,mixed,coh,mclb_hops_4_6,ft_x,uniform_random,20cpus,160dirs,2.7GHz,0_05,6281.596755,6151.852082,5664582.0,5664602.0
2b,mixed,coh,mclb_hops_4_6,ft_x,uniform_random,20cpus,160dirs,2.7GHz,0_06,6341.785578,6207.093234,6797021.0,6797039.0
2b,mixed,coh,mclb_hops_4_6,ft_x,uniform_random,20cpus,160dirs,2.7GHz,0_07,6405.252024,6266.384924,7931948.0,7931969.0
2b,mixed,coh,mclb_hops_4_6,ft_x,uniform_random,20cpus,160dirs,2.7GHz,0_08,6472.214355,6329.664198,9066487.0,9066513.0
2b,mixed,coh,mclb_hops_4_6,ft_x,uniform_random,20cpus,160dirs,2.7GHz,0_09,6542.533594,6397.597522,10200321.0,10200352.0
2b,mixed,coh,mclb_hops_4_6,ft_x,uniform_random,20cpus,160dirs,2.7GHz,0_1,6617.905804,6471.504242,11331762.0,11331799.0
2b,mixed,coh,mclb_hops_4_6,ft_x,uniform_random,20cpus,160dirs,2.7GHz,0_11,6699.22983,6553.334374,12465489.0,12465536.0
2b,mixed,coh,mclb_hops_4_6,ft_x,uniform_random,20cpus,160dirs,2.7GHz,0_12,6788.790408,6644.802738,13601535.0,13601578.0
2b,mixed,coh,mclb_hops_4_6,ft_x,uniform_random,20cpus,160dirs,2.7GHz,0_13,6884.924421,6744.814445,14735597.0,14735633.0
2b,mixed,coh,mclb_hops_4_6,ft_x,uniform_random,20cpus,160dirs,2.7GHz,0_14,6989.932399,6856.818309,15870072.0,15870145.0
2b,mixed,coh,mclb_hops_4_6,ft_x,uniform_random,20cpus,160dirs,2.7GHz,0_15,7106.288745,6982.699805,17005308.0,17005372.0
2b,mixed,coh,mclb_hops_4_6,ft_x,uniform_random,20cpus,160dirs,2.7GHz,0_16,7235.113797,7125.838214,18140190.0,18140256.0
2b,mixed,coh,mclb_hops_4_6,ft_x,uniform_random,20cpus,160dirs,2.7GHz,0_17,7378.463709,7288.942183,19276197.0,19276254.0
2b,mixed,coh,mclb_hops_4_6,ft_x,uniform_random,20cpus,160dirs,2.7GHz,0_18,7542.047545,7480.291495,20410368.0,20410439.0
2b,mixed,coh,mclb_hops_4_6,ft_x,uniform_random,20cpus,160dirs,2.7GHz,0_19,7728.92499,7704.295163,21546894.0,21546968.0
2b,mixed,coh,mclb_hops_4_6,ft_x,uniform_random,20cpus,160dirs,2.7GHz,0_2,7947.37884,7973.720506,22679465.0,22679555.0
2b,mixed,coh,mclb_hops_4_6,ft_x,uniform_random,20cpus,160dirs,2.7GHz,0_21,8203.853759,8298.709119,23812511.0,23812604.0
2b,mixed,coh,mclb_hops_4_6,ft_x,uniform_random,20cpus,160dirs,2.7GHz,0_22,8518.746639,8711.467984,24946186.0,24946278.0
2b,mixed,coh,mclb_hops_4_6,ft_x,uniform_random,20cpus,160dirs,2.7GHz,0_23,8917.130908,9253.649533,26078762.0,26078861.0
2b,mixed,coh,mclb_hops_4_6,ft_x,uniform_random,20cpus,160dirs,2.7GHz,0_24,9440.12196,9990.758834,27213381.0,27213496.0
2b,mixed,coh,mclb_hops_4_6,ft_x,uniform_random,20cpus,160dirs,2.7GHz,0_25,10178.675358,11072.929539,28346839.0,28346958.0
2b,mixed,coh,mclb_hops_4_6,ft_x,uniform_random,20cpus,160dirs,2.7GHz,0_26,11332.112095,12829.512592,29480161.0,29480280.0
2b,mixed,coh,mclb_hops_4_6,ft_x,uniform_random,20cpus,160dirs,2.7GHz,0_27,13481.566691,16226.626867,30612435.0,30612573.0
2b,mixed,coh,mclb_hops_4_6,ft_x,uniform_random,20cpus,160dirs,2.7GHz,0_28,19713.007191,26404.249584,31744962.0,31745100.0
2b,mixed,coh,mclb_hops_4_6,ft_x,uniform_random,20cpus,160dirs,2.7GHz,0_29,1651381.482232,2748303.536582,32826702.0,32826844.0
2b,mixed,coh,mclb_hops_4_6,ft_x,uniform_random,20cpus,160dirs,2.7GHz,0_3,18413492.058889,31060581.966127,33402673.0,33402828.0
2b,mixed,coh,mclb_hops_4_6,ft_x,uniform_random,20cpus,160dirs,2.7GHz,0_31,36352168.018481,62128307.166674,33881325.0,33881484.0
2b,mixed,coh,mclb_hops_4_6,ft_x,uniform_random,20cpus,160dirs,2.7GHz,0_32,52266788.792433,90466552.011027,34362412.0,34362557.0
2b,mixed,coh,mclb_hops_4_6,ft_x,uniform_random,20cpus,160dirs,2.7GHz,0_33,66801093.502462,117094017.77498,34841261.0,34841427.0
2b,mixed,coh,mclb_hops_4_6,ft_x,uniform_random,20cpus,160dirs,2.7GHz,0_34,79757058.547016,141546205.682148,35323300.0,35323474.0
2b,mixed,coh,mclb_hops_4_6,ft_x,uniform_random,20cpus,160dirs,2.4GHz,0_01,6783.554737,6638.548591,1006245.0,1006248.0
2b,mixed,coh,mclb_hops_4_6,ft_x,uniform_random,20cpus,160dirs,2.4GHz,0_02,6838.279546,6690.582493,2012833.0,2012843.0
2b,mixed,coh,mclb_hops_4_6,ft_x,uniform_random,20cpus,160dirs,2.4GHz,0_03,6895.052596,6744.046806,3017381.0,3017390.0
2b,mixed,coh,mclb_hops_4_6,ft_x,uniform_random,20cpus,160dirs,2.4GHz,0_04,6954.381129,6800.027632,4021522.0,4021541.0
2b,mixed,coh,mclb_hops_4_6,ft_x,uniform_random,20cpus,160dirs,2.4GHz,0_05,7015.045671,6858.859287,5026177.0,5026194.0
2b,mixed,coh,mclb_hops_4_6,ft_x,uniform_random,20cpus,160dirs,2.4GHz,0_06,7080.820781,6921.891992,6030916.0,6030932.0
2b,mixed,coh,mclb_hops_4_6,ft_x,uniform_random,20cpus,160dirs,2.4GHz,0_07,7149.620017,6988.310824,7037241.0,7037258.0
2b,mixed,coh,mclb_hops_4_6,ft_x,uniform_random,20cpus,160dirs,2.4GHz,0_08,7221.142464,7057.863654,8043958.0,8043985.0
2b,mixed,coh,mclb_hops_4_6,ft_x,uniform_random,20cpus,160dirs,2.4GHz,0_09,7296.771247,7132.623164,9050650.0,9050675.0
2b,mixed,coh,mclb_hops_4_6,ft_x,uniform_random,20cpus,160dirs,2.4GHz,0_1,7376.417406,7212.488041,10054712.0,10054738.0
2b,mixed,coh,mclb_hops_4_6,ft_x,uniform_random,20cpus,160dirs,2.4GHz,0_11,7461.581552,7299.685549,11060659.0,11060693.0
2b,mixed,coh,mclb_hops_4_6,ft_x,uniform_random,20cpus,160dirs,2.4GHz,0_12,7554.633556,7395.822229,12067679.0,12067719.0
2b,mixed,coh,mclb_hops_4_6,ft_x,uniform_random,20cpus,160dirs,2.4GHz,0_13,7653.126304,7499.16501,13074337.0,13074378.0
2b,mixed,coh,mclb_hops_4_6,ft_x,uniform_random,20cpus,160dirs,2.4GHz,0_14,7759.548878,7613.851785,14082612.0,14082667.0
2b,mixed,coh,mclb_hops_4_6,ft_x,uniform_random,20cpus,160dirs,2.4GHz,0_15,7876.249407,7740.702479,15090062.0,15090120.0
2b,mixed,coh,mclb_hops_4_6,ft_x,uniform_random,20cpus,160dirs,2.4GHz,0_16,8004.010764,7883.3683,16096913.0,16096958.0
2b,mixed,coh,mclb_hops_4_6,ft_x,uniform_random,20cpus,160dirs,2.4GHz,0_17,8144.102315,8042.50879,17104927.0,17104990.0
2b,mixed,coh,mclb_hops_4_6,ft_x,uniform_random,20cpus,160dirs,2.4GHz,0_18,8300.381116,8225.560057,18110561.0,18110621.0
2b,mixed,coh,mclb_hops_4_6,ft_x,uniform_random,20cpus,160dirs,2.4GHz,0_19,8474.894118,8434.186496,19118568.0,19118639.0
2b,mixed,coh,mclb_hops_4_6,ft_x,uniform_random,20cpus,160dirs,2.4GHz,0_2,8678.849086,8685.600097,20124350.0,20124425.0
2b,mixed,coh,mclb_hops_4_6,ft_x,uniform_random,20cpus,160dirs,2.4GHz,0_21,8910.145879,8976.361697,21130480.0,21130576.0
2b,mixed,coh,mclb_hops_4_6,ft_x,uniform_random,20cpus,160dirs,2.4GHz,0_22,9185.408104,9333.649234,22136475.0,22136556.0
2b,mixed,coh,mclb_hops_4_6,ft_x,uniform_random,20cpus,160dirs,2.4GHz,0_23,9523.836438,9788.455302,23140261.0,23140352.0
2b,mixed,coh,mclb_hops_4_6,ft_x,uniform_random,20cpus,160dirs,2.4GHz,0_24,9944.564617,10373.518783,24146018.0,24146140.0
2b,mixed,coh,mclb_hops_4_6,ft_x,uniform_random,20cpus,160dirs,2.4GHz,0_25,10503.467227,11174.709128,25151728.0,25151810.0
2b,mixed,coh,mclb_hops_4_6,ft_x,uniform_random,20cpus,160dirs,2.4GHz,0_26,11288.46756,12343.430827,26156131.0,26156246.0
2b,mixed,coh,mclb_hops_4_6,ft_x,uniform_random,20cpus,160dirs,2.4GHz,0_27,12501.634311,14210.723193,27161286.0,27161433.0
2b,mixed,coh,mclb_hops_4_6,ft_x,uniform_random,20cpus,160dirs,2.4GHz,0_28,14772.035189,17820.577881,28167462.0,28167577.0
2b,mixed,coh,mclb_hops_4_6,ft_x,uniform_random,20cpus,160dirs,2.4GHz,0_29,20640.045315,27406.337479,29171809.0,29171942.0
2b,mixed,coh,mclb_hops_4_6,ft_x,uniform_random,20cpus,160dirs,2.4GHz,0_3,387664.172585,639059.424385,30168130.0,30168261.0
2b,mixed,coh,mclb_hops_4_6,ft_x,uniform_random,20cpus,160dirs,2.4GHz,0_31,14709713.440194,24747727.686605,30740935.0,30741096.0
2b,mixed,coh,mclb_hops_4_6,ft_x,uniform_random,20cpus,160dirs,2.4GHz,0_32,32017343.460375,54538594.096049,31173263.0,31173423.0
2b,mixed,coh,mclb_hops_4_6,ft_x,uniform_random,20cpus,160dirs,2.4GHz,0_33,47824200.623503,82471605.782847,31601063.0,31601222.0
2b,mixed,coh,mclb_hops_4_6,ft_x,uniform_random,20cpus,160dirs,2.4GHz,0_34,61972968.443801,108159816.397553,32034425.0,32034587.0
2b,mixed,coh,mclb_hops_4_6,ns_m_scop,uniform_random,20cpus,160dirs,3.9GHz,0_01,4903.709544,4793.796746,1638941.0,1638944.0
2b,mixed,coh,mclb_hops_4_6,ns_m_scop,uniform_random,20cpus,160dirs,3.9GHz,0_02,4962.730125,4849.635683,3277400.0,3277407.0
2b,mixed,coh,mclb_hops_4_6,ns_m_scop,uniform_random,20cpus,160dirs,3.9GHz,0_03,5028.290792,4910.124674,4913428.0,4913440.0
2b,mixed,coh,mclb_hops_4_6,ns_m_scop,uniform_random,20cpus,160dirs,3.9GHz,0_04,5099.225556,4975.563637,6550781.0,6550807.0
2b,mixed,coh,mclb_hops_4_6,ns_m_scop,uniform_random,20cpus,160dirs,3.9GHz,0_05,5175.308814,5047.638713,8187112.0,8187135.0
2b,mixed,coh,mclb_hops_4_6,ns_m_scop,uniform_random,20cpus,160dirs,3.9GHz,0_06,5259.590298,5127.362215,9823355.0,9823375.0
2b,mixed,coh,mclb_hops_4_6,ns_m_scop,uniform_random,20cpus,160dirs,3.9GHz,0_07,5351.16218,5214.731406,11462633.0,11462657.0
2b,mixed,coh,mclb_hops_4_6,ns_m_scop,uniform_random,20cpus,160dirs,3.9GHz,0_08,5454.739332,5315.407933,13103452.0,13103494.0
2b,mixed,coh,mclb_hops_4_6,ns_m_scop,uniform_random,20cpus,160dirs,3.9GHz,0_09,5567.858161,5427.300586,14743038.0,14743078.0
2b,mixed,coh,mclb_hops_4_6,ns_m_scop,uniform_random,20cpus,160dirs,3.9GHz,0_1,5695.869645,5555.734013,16379101.0,16379136.0
2b,mixed,coh,mclb_hops_4_6,ns_m_scop,uniform_random,20cpus,160dirs,3.9GHz,0_11,5843.975195,5706.728538,18017514.0,18017561.0
2b,mixed,coh,mclb_hops_4_6,ns_m_scop,uniform_random,20cpus,160dirs,3.9GHz,0_12,6014.135132,5885.649999,19657733.0,19657777.0
2b,mixed,coh,mclb_hops_4_6,ns_m_scop,uniform_random,20cpus,160dirs,3.9GHz,0_13,6212.944913,6099.254608,21299004.0,21299068.0
2b,mixed,coh,mclb_hops_4_6,ns_m_scop,uniform_random,20cpus,160dirs,3.9GHz,0_14,6449.713253,6362.495664,22939776.0,22939855.0
2b,mixed,coh,mclb_hops_4_6,ns_m_scop,uniform_random,20cpus,160dirs,3.9GHz,0_15,6737.531262,6693.351712,24579623.0,24579694.0
2b,mixed,coh,mclb_hops_4_6,ns_m_scop,uniform_random,20cpus,160dirs,3.9GHz,0_16,7099.665009,7128.868821,26219873.0,26219952.0
2b,mixed,coh,mclb_hops_4_6,ns_m_scop,uniform_random,20cpus,160dirs,3.9GHz,0_17,7581.661945,7738.415401,27861645.0,27861747.0
2b,mixed,coh,mclb_hops_4_6,ns_m_scop,uniform_random,20cpus,160dirs,3.9GHz,0_18,8248.528984,8631.66133,29499524.0,29499636.0
2b,mixed,coh,mclb_hops_4_6,ns_m_scop,uniform_random,20cpus,160dirs,3.9GHz,0_19,9297.808921,10127.73588,31139727.0,31139833.0
2b,mixed,coh,mclb_hops_4_6,ns_m_scop,uniform_random,20cpus,160dirs,3.9GHz,0_2,11393.852027,13330.727587,32779197.0,32779333.0
2b,mixed,coh,mclb_hops_4_6,ns_m_scop,uniform_random,20cpus,160dirs,3.9GHz,0_21,19587.763922,26650.457396,34418733.0,34418877.0
2b,mixed,coh,mclb_hops_4_6,ns_m_scop,uniform_random,20cpus,160dirs,3.9GHz,0_22,8713095.535857,14598313.227708,35755497.0,35755635.0
2b,mixed,coh,mclb_hops_4_6,ns_m_scop,uniform_random,20cpus,160dirs,3.9GHz,0_23,33982353.239034,57980500.474129,36428621.0,36428772.0
2b,mixed,coh,mclb_hops_4_6,ns_m_scop,uniform_random,20cpus,160dirs,3.9GHz,0_24,56149735.305004,97511834.061346,37091302.0,37091460.0
2b,mixed,coh,mclb_hops_4_6,ns_m_scop,uniform_random,20cpus,160dirs,3.9GHz,0_25,75361882.234759,133166340.309351,37754956.0,37755119.0
2b,mixed,coh,mclb_hops_4_6,ns_m_scop,uniform_random,20cpus,160dirs,3.9GHz,0_26,91956152.574364,165289692.669983,38418500.0,38418674.0
2b,mixed,coh,mclb_hops_4_6,ns_m_scop,uniform_random,20cpus,160dirs,3.9GHz,0_27,106313808.962959,194337931.309875,39078733.0,39078878.0
2b,mixed,coh,mclb_hops_4_6,ns_m_scop,uniform_random,20cpus,160dirs,3.9GHz,0_28,118825661.984298,220819759.669851,39740154.0,39740314.0
2b,mixed,coh,mclb_hops_4_6,ns_m_scop,uniform_random,20cpus,160dirs,3.9GHz,0_29,129511622.274086,244599932.569929,40402227.0,40402401.0
2b,mixed,coh,mclb_hops_4_6,ns_m_scop,uniform_random,20cpus,160dirs,3.9GHz,0_3,138769597.676542,266306860.537363,41063243.0,41063406.0
2b,mixed,coh,mclb_hops_4_6,ns_m_scop,uniform_random,20cpus,160dirs,3.9GHz,0_31,146700316.000671,285978331.40673,41725629.0,41725816.0
2b,mixed,coh,mclb_hops_4_6,ns_m_scop,uniform_random,20cpus,160dirs,3.9GHz,0_32,153451446.045367,303792834.550268,42385866.0,42386033.0
2b,mixed,coh,mclb_hops_4_6,ns_m_scop,uniform_random,20cpus,160dirs,3.9GHz,0_33,159212690.305819,320034195.690216,43046686.0,43046882.0
2b,mixed,coh,mclb_hops_4_6,ns_m_scop,uniform_random,20cpus,160dirs,3.9GHz,0_34,164064082.327796,334776348.111459,43707749.0,43707921.0
2b,mixed,coh,mclb_hops_4_6,ns_m_scop,uniform_random,20cpus,160dirs,3.6GHz,0_02,5036.897578,4946.15409,3018922.0,3018926.0
2b,mixed,coh,mclb_hops_4_6,ns_m_scop,uniform_random,20cpus,160dirs,3.6GHz,0_01,4980.356114,4894.493806,1509219.0,1509220.0
2b,mixed,coh,mclb_hops_4_6,ns_m_scop,uniform_random,20cpus,160dirs,3.6GHz,0_03,5099.024882,5002.025128,4525635.0,4525646.0
2b,mixed,coh,mclb_hops_4_6,ns_m_scop,uniform_random,20cpus,160dirs,3.6GHz,0_04,5164.894687,5061.17457,6032718.0,6032735.0
2b,mixed,coh,mclb_hops_4_6,ns_m_scop,uniform_random,20cpus,160dirs,3.6GHz,0_05,5235.407201,5126.362213,7539493.0,7539512.0
2b,mixed,coh,mclb_hops_4_6,ns_m_scop,uniform_random,20cpus,160dirs,3.6GHz,0_06,5311.882027,5197.144642,9044965.0,9044987.0
2b,mixed,coh,mclb_hops_4_6,ns_m_scop,uniform_random,20cpus,160dirs,3.6GHz,0_07,5393.217738,5273.171731,10554094.0,10554127.0
2b,mixed,coh,mclb_hops_4_6,ns_m_scop,uniform_random,20cpus,160dirs,3.6GHz,0_08,5484.487816,5360.261823,12064008.0,12064044.0
2b,mixed,coh,mclb_hops_4_6,ns_m_scop,uniform_random,20cpus,160dirs,3.6GHz,0_09,5582.122096,5454.905351,13574263.0,13574305.0
2b,mixed,coh,mclb_hops_4_6,ns_m_scop,uniform_random,20cpus,160dirs,3.6GHz,0_1,5690.454552,5561.648153,15081433.0,15081484.0
2b,mixed,coh,mclb_hops_4_6,ns_m_scop,uniform_random,20cpus,160dirs,3.6GHz,0_11,5812.96832,5684.276796,16591077.0,16591119.0
2b,mixed,coh,mclb_hops_4_6,ns_m_scop,uniform_random,20cpus,160dirs,3.6GHz,0_12,5951.697452,5827.129679,18103822.0,18103882.0
2b,mixed,coh,mclb_hops_4_6,ns_m_scop,uniform_random,20cpus,160dirs,3.6GHz,0_13,6108.302786,5991.417519,19614907.0,19614965.0
2b,mixed,coh,mclb_hops_4_6,ns_m_scop,uniform_random,20cpus,160dirs,3.6GHz,0_14,6289.4149,6186.915368,21125654.0,21125710.0
2b,mixed,coh,mclb_hops_4_6,ns_m_scop,uniform_random,20cpus,160dirs,3.6GHz,0_15,6502.079077,6423.182472,22635623.0,22635702.0
2b,mixed,coh,mclb_hops_4_6,ns_m_scop,uniform_random,20cpus,160dirs,3.6GHz,0_16,6754.906291,6714.490612,24146894.0,24146966.0
2b,mixed,coh,mclb_hops_4_6,ns_m_scop,uniform_random,20cpus,160dirs,3.6GHz,0_17,7067.927664,7089.361053,25656846.0,25656925.0
2b,mixed,coh,mclb_hops_4_6,ns_m_scop,uniform_random,20cpus,160dirs,3.6GHz,0_18,7463.632389,7584.768926,27165137.0,27165229.0
2b,mixed,coh,mclb_hops_4_6,ns_m_scop,uniform_random,20cpus,160dirs,3.6GHz,0_19,7987.339189,8272.532434,28675020.0,28675119.0
2b,mixed,coh,mclb_hops_4_6,ns_m_scop,uniform_random,20cpus,160dirs,3.6GHz,0_2,8758.604248,9345.829369,30184245.0,30184342.0
2b,mixed,coh,mclb_hops_4_6,ns_m_scop,uniform_random,20cpus,160dirs,3.6GHz,0_21,10023.456988,11215.741324,31694344.0,31694460.0
2b,mixed,coh,mclb_hops_4_6,ns_m_scop,uniform_random,20cpus,160dirs,3.6GHz,0_22,12791.580603,15557.052654,33203056.0,33203183.0
2b,mixed,coh,mclb_hops_4_6,ns_m_scop,uniform_random,20cpus,160dirs,3.6GHz,0_23,34419.04788,51298.938422,34710446.0,34710609.0
2b,mixed,coh,mclb_hops_4_6,ns_m_scop,uniform_random,20cpus,160dirs,3.6GHz,0_24,13683770.65852,23007987.065343,35740711.0,35740888.0
2b,mixed,coh,mclb_hops_4_6,ns_m_scop,uniform_random,20cpus,160dirs,3.6GHz,0_25,36664846.372067,62682210.634929,36356129.0,36356284.0
2b,mixed,coh,mclb_hops_4_6,ns_m_scop,uniform_random,20cpus,160dirs,3.6GHz,0_26,56942409.657673,98954335.401003,36967996.0,36968142.0
2b,mixed,coh,mclb_hops_4_6,ns_m_scop,uniform_random,20cpus,160dirs,3.6GHz,0_27,74549453.22945,131638262.005851,37581140.0,37581298.0
2b,mixed,coh,mclb_hops_4_6,ns_m_scop,uniform_random,20cpus,160dirs,3.6GHz,0_28,90104546.606235,161631467.626096,38192995.0,38193158.0
2b,mixed,coh,mclb_hops_4_6,ns_m_scop,uniform_random,20cpus,160dirs,3.6GHz,0_29,103640097.835806,188806647.74818,38805459.0,38805607.0
2b,mixed,coh,mclb_hops_4_6,ns_m_scop,uniform_random,20cpus,160dirs,3.6GHz,0_3,115496155.629202,213637879.156631,39418925.0,39419091.0
2b,mixed,coh,mclb_hops_4_6,ns_m_scop,uniform_random,20cpus,160dirs,3.6GHz,0_31,125862324.727615,236332836.386518,40031284.0,40031458.0
2b,mixed,coh,mclb_hops_4_6,ns_m_scop,uniform_random,20cpus,160dirs,3.6GHz,0_32,134879641.491739,257040113.080951,40642694.0,40642869.0
2b,mixed,coh,mclb_hops_4_6,ns_m_scop,uniform_random,20cpus,160dirs,3.6GHz,0_33,142695929.487658,275916622.82508,41257018.0,41257190.0
2b,mixed,coh,mclb_hops_4_6,ns_m_scop,uniform_random,20cpus,160dirs,3.6GHz,0_34,149561092.642541,293387274.256603,41867559.0,41867716.0
2b,mixed,coh,mclb_hops_4_6,ft_x,uniform_random,20cpus,160dirs,3.9GHz,0_01,5055.418825,4944.508108,1638941.0,1638944.0
2b,mixed,coh,mclb_hops_4_6,ft_x,uniform_random,20cpus,160dirs,3.9GHz,0_02,5120.682219,5004.873982,3277401.0,3277407.0
2b,mixed,coh,mclb_hops_4_6,ft_x,uniform_random,20cpus,160dirs,3.9GHz,0_03,5190.379814,5068.957067,4913427.0,4913440.0
2b,mixed,coh,mclb_hops_4_6,ft_x,uniform_random,20cpus,160dirs,3.9GHz,0_04,5266.96618,5139.904659,6550776.0,6550807.0
2b,mixed,coh,mclb_hops_4_6,ft_x,uniform_random,20cpus,160dirs,3.9GHz,0_05,5349.282621,5217.70964,8187112.0,8187135.0
2b,mixed,coh,mclb_hops_4_6,ft_x,uniform_random,20cpus,160dirs,3.9GHz,0_06,5441.057158,5304.202625,9823353.0,9823375.0
2b,mixed,coh,mclb_hops_4_6,ft_x,uniform_random,20cpus,160dirs,3.9GHz,0_07,5542.94908,5401.918988,11462633.0,11462657.0
2b,mixed,coh,mclb_hops_4_6,ft_x,uniform_random,20cpus,160dirs,3.9GHz,0_08,5655.241653,5510.777473,13103448.0,13103494.0
2b,mixed,coh,mclb_hops_4_6,ft_x,uniform_random,20cpus,160dirs,3.9GHz,0_09,5781.092622,5635.029754,14743033.0,14743077.0
2b,mixed,coh,mclb_hops_4_6,ft_x,uniform_random,20cpus,160dirs,3.9GHz,0_1,5923.483663,5778.229287,16379098.0,16379136.0
2b,mixed,coh,mclb_hops_4_6,ft_x,uniform_random,20cpus,160dirs,3.9GHz,0_11,6086.930249,5945.610767,18017513.0,18017561.0
2b,mixed,coh,mclb_hops_4_6,ft_x,uniform_random,20cpus,160dirs,3.9GHz,0_12,6279.539283,6148.786229,19657729.0,19657777.0
2b,mixed,coh,mclb_hops_4_6,ft_x,uniform_random,20cpus,160dirs,3.9GHz,0_13,6504.428124,6391.303493,21299009.0,21299067.0
2b,mixed,coh,mclb_hops_4_6,ft_x,uniform_random,20cpus,160dirs,3.9GHz,0_14,6774.22404,6692.812781,22939772.0,22939854.0
2b,mixed,coh,mclb_hops_4_6,ft_x,uniform_random,20cpus,160dirs,3.9GHz,0_15,7104.988847,7075.202893,24579617.0,24579695.0
2b,mixed,coh,mclb_hops_4_6,ft_x,uniform_random,20cpus,160dirs,3.9GHz,0_16,7524.288222,7582.076719,26219868.0,26219954.0
2b,mixed,coh,mclb_hops_4_6,ft_x,uniform_random,20cpus,160dirs,3.9GHz,0_17,8088.185778,8302.494821,27861642.0,27861749.0
2b,mixed,coh,mclb_hops_4_6,ft_x,uniform_random,20cpus,160dirs,3.9GHz,0_18,8889.100293,9387.142912,29499522.0,29499644.0
2b,mixed,coh,mclb_hops_4_6,ft_x,uniform_random,20cpus,160dirs,3.9GHz,0_19,10208.402044,11298.387759,31139691.0,31139819.0
2b,mixed,coh,mclb_hops_4_6,ft_x,uniform_random,20cpus,160dirs,3.9GHz,0_2,13146.511407,15862.656388,32779155.0,32779297.0
2b,mixed,coh,mclb_hops_4_6,ft_x,uniform_random,20cpus,160dirs,3.9GHz,0_21,39933.165869,60127.279972,34418580.0,34418738.0
2b,mixed,coh,mclb_hops_4_6,ft_x,uniform_random,20cpus,160dirs,3.9GHz,0_22,17600364.335277,29673023.979788,35440227.0,35440385.0
2b,mixed,coh,mclb_hops_4_6,ft_x,uniform_random,20cpus,160dirs,3.9GHz,0_23,42322595.374768,72671867.291817,36105033.0,36105220.0
2b,mixed,coh,mclb_hops_4_6,ft_x,uniform_random,20cpus,160dirs,3.9GHz,0_24,63643114.418726,111245892.622744,36768196.0,36768368.0
2b,mixed,coh,mclb_hops_4_6,ft_x,uniform_random,20cpus,160dirs,3.9GHz,0_25,82080042.308054,146004514.474145,37431844.0,37432017.0
2b,mixed,coh,mclb_hops_4_6,ft_x,uniform_random,20cpus,160dirs,3.9GHz,0_26,97955287.175129,177267497.261964,38096670.0,38096857.0
2b,mixed,coh,mclb_hops_4_6,ft_x,uniform_random,20cpus,160dirs,3.9GHz,0_27,111655313.909975,205500364.187517,38760219.0,38760396.0
2b,mixed,coh,mclb_hops_4_6,ft_x,uniform_random,20cpus,160dirs,3.9GHz,0_28,123643195.937363,231383463.577819,39420400.0,39420574.0
2b,mixed,coh,mclb_hops_4_6,ft_x,uniform_random,20cpus,160dirs,3.9GHz,0_29,133792588.870423,254486280.929762,40082952.0,40083124.0
2b,mixed,coh,mclb_hops_4_6,ft_x,uniform_random,20cpus,160dirs,3.9GHz,0_3,142557578.955741,275541277.754601,40747033.0,40747202.0
2b,mixed,coh,mclb_hops_4_6,ft_x,uniform_random,20cpus,160dirs,3.9GHz,0_31,150043562.092969,294644143.170403,41407591.0,41407782.0
2b,mixed,coh,mclb_hops_4_6,ft_x,uniform_random,20cpus,160dirs,3.9GHz,0_32,156403452.227418,311946624.887842,42067914.0,42068082.0
2b,mixed,coh,mclb_hops_4_6,ft_x,uniform_random,20cpus,160dirs,3.9GHz,0_33,161740116.677264,327566235.798824,42730057.0,42730257.0
2b,mixed,coh,mclb_hops_4_6,ft_x,uniform_random,20cpus,160dirs,3.9GHz,0_34,166219954.233983,341758505.833762,43392540.0,43392715.0
2b,mixed,coh,mclb_hops_4_6,ft_x,uniform_random,20cpus,160dirs,3.6GHz,0_01,5123.366083,5039.637087,1509219.0,1509220.0
2b,mixed,coh,mclb_hops_4_6,ft_x,uniform_random,20cpus,160dirs,3.6GHz,0_02,5186.357702,5095.831146,3018922.0,3018926.0
2b,mixed,coh,mclb_hops_4_6,ft_x,uniform_random,20cpus,160dirs,3.6GHz,0_03,5252.676197,5154.758177,4525636.0,4525646.0
2b,mixed,coh,mclb_hops_4_6,ft_x,uniform_random,20cpus,160dirs,3.6GHz,0_04,5324.797227,5219.538352,6032718.0,6032735.0
2b,mixed,coh,mclb_hops_4_6,ft_x,uniform_random,20cpus,160dirs,3.6GHz,0_05,5400.866266,5289.734557,7539493.0,7539512.0
2b,mixed,coh,mclb_hops_4_6,ft_x,uniform_random,20cpus,160dirs,3.6GHz,0_06,5484.503181,5366.717151,9044962.0,9044987.0
2b,mixed,coh,mclb_hops_4_6,ft_x,uniform_random,20cpus,160dirs,3.6GHz,0_07,5575.505749,5452.154855,10554095.0,10554127.0
2b,mixed,coh,mclb_hops_4_6,ft_x,uniform_random,20cpus,160dirs,3.6GHz,0_08,5674.033322,5545.626296,12064005.0,12064044.0
2b,mixed,coh,mclb_hops_4_6,ft_x,uniform_random,20cpus,160dirs,3.6GHz,0_09,5782.777396,5650.693142,13574263.0,13574304.0
2b,mixed,coh,mclb_hops_4_6,ft_x,uniform_random,20cpus,160dirs,3.6GHz,0_1,5903.504093,5769.794182,15081432.0,15081486.0
2b,mixed,coh,mclb_hops_4_6,ft_x,uniform_random,20cpus,160dirs,3.6GHz,0_11,6038.851027,5906.035766,16591077.0,16591119.0
2b,mixed,coh,mclb_hops_4_6,ft_x,uniform_random,20cpus,160dirs,3.6GHz,0_12,6195.377794,6067.190369,18103819.0,18103882.0
2b,mixed,coh,mclb_hops_4_6,ft_x,uniform_random,20cpus,160dirs,3.6GHz,0_13,6372.056616,6253.00732,19614905.0,19614965.0
2b,mixed,coh,mclb_hops_4_6,ft_x,uniform_random,20cpus,160dirs,3.6GHz,0_14,6577.193626,6475.304024,21125650.0,21125711.0
2b,mixed,coh,mclb_hops_4_6,ft_x,uniform_random,20cpus,160dirs,3.6GHz,0_15,6818.917208,6744.920155,22635619.0,22635702.0
2b,mixed,coh,mclb_hops_4_6,ft_x,uniform_random,20cpus,160dirs,3.6GHz,0_16,7109.088367,7080.189831,24146885.0,24146966.0
2b,mixed,coh,mclb_hops_4_6,ft_x,uniform_random,20cpus,160dirs,3.6GHz,0_17,7470.838362,7515.729985,25656845.0,25656923.0
2b,mixed,coh,mclb_hops_4_6,ft_x,uniform_random,20cpus,160dirs,3.6GHz,0_18,7933.454029,8098.930418,27165130.0,27165225.0
2b,mixed,coh,mclb_hops_4_6,ft_x,uniform_random,20cpus,160dirs,3.6GHz,0_19,8558.540982,8929.056314,28675014.0,28675116.0
2b,mixed,coh,mclb_hops_4_6,ft_x,uniform_random,20cpus,160dirs,3.6GHz,0_2,9493.112559,10245.787796,30184221.0,30184335.0
2b,mixed,coh,mclb_hops_4_6,ft_x,uniform_random,20cpus,160dirs,3.6GHz,0_21,11127.222309,12695.488051,31694338.0,31694466.0
2b,mixed,coh,mclb_hops_4_6,ft_x,uniform_random,20cpus,160dirs,3.6GHz,0_22,15337.402002,19403.002799,33203017.0,33203156.0
2b,mixed,coh,mclb_hops_4_6,ft_x,uniform_random,20cpus,160dirs,3.6GHz,0_23,1184567.07062,1969345.979519,34674711.0,34674887.0
2b,mixed,coh,mclb_hops_4_6,ft_x,uniform_random,20cpus,160dirs,3.6GHz,0_24,22604183.580331,38245825.576915,35421226.0,35421425.0
2b,mixed,coh,mclb_hops_4_6,ft_x,uniform_random,20cpus,160dirs,3.6GHz,0_25,44820207.003741,77109954.665989,36037294.0,36037473.0
2b,mixed,coh,mclb_hops_4_6,ft_x,uniform_random,20cpus,160dirs,3.6GHz,0_26,64195048.60233,112273232.270413,36651760.0,36651933.0
2b,mixed,coh,mclb_hops_4_6,ft_x,uniform_random,20cpus,160dirs,3.6GHz,0_27,81160699.027,144247174.588341,37265859.0,37266024.0
2b,mixed,coh,mclb_hops_4_6,ft_x,uniform_random,20cpus,160dirs,3.6GHz,0_28,96110453.854173,173555507.340237,37876762.0,37876930.0
2b,mixed,coh,mclb_hops_4_6,ft_x,uniform_random,20cpus,160dirs,3.6GHz,0_29,109083259.719985,200069981.901781,38490067.0,38490220.0
2b,mixed,coh,mclb_hops_4_6,ft_x,uniform_random,20cpus,160dirs,3.6GHz,0_3,120359368.030103,224155665.138412,39106392.0,39106560.0
2b,mixed,coh,mclb_hops_4_6,ft_x,uniform_random,20cpus,160dirs,3.6GHz,0_31,130288314.190489,246351711.091191,39717530.0,39717718.0
2b,mixed,coh,mclb_hops_4_6,ft_x,uniform_random,20cpus,160dirs,3.6GHz,0_32,138825384.231328,266429291.010423,40330210.0,40330407.0
2b,mixed,coh,mclb_hops_4_6,ft_x,uniform_random,20cpus,160dirs,3.6GHz,0_33,146250243.152018,284830127.933113,40942761.0,40942949.0
2b,mixed,coh,mclb_hops_4_6,ft_x,uniform_random,20cpus,160dirs,3.6GHz,0_34,152685427.744744,301703312.240895,41554288.0,41554469.0
2b,mixed,coh,mclb_hops_4_6,ft_x,uniform_random,20cpus,160dirs,3.0GHz,0_01,3842.011248,3726.202425,1259924.0,1259926.0
2b,mixed,coh,mclb_hops_4_6,ft_x,uniform_random,20cpus,160dirs,3.0GHz,0_02,3890.332802,3769.732908,2520291.0,2520297.0
2b,mixed,coh,mclb_hops_4_6,ft_x,uniform_random,20cpus,160dirs,3.0GHz,0_03,3940.386093,3814.955852,3778054.0,3778059.0
2b,mixed,coh,mclb_hops_4_6,ft_x,uniform_random,20cpus,160dirs,3.0GHz,0_04,3994.233271,3863.76533,5036479.0,5036491.0
2b,mixed,coh,mclb_hops_4_6,ft_x,uniform_random,20cpus,160dirs,3.0GHz,0_05,4050.296989,3915.393801,6294417.0,6294428.0
2b,mixed,coh,mclb_hops_4_6,ft_x,uniform_random,20cpus,160dirs,3.0GHz,0_06,4111.042885,3971.267176,7552525.0,7552541.0
2b,mixed,coh,mclb_hops_4_6,ft_x,uniform_random,20cpus,160dirs,3.0GHz,0_07,4176.116279,4031.638347,8812715.0,8812731.0
2b,mixed,coh,mclb_hops_4_6,ft_x,uniform_random,20cpus,160dirs,3.0GHz,0_08,4244.399309,4095.624014,10072290.0,10072307.0
2b,mixed,coh,mclb_hops_4_6,ft_x,uniform_random,20cpus,160dirs,3.0GHz,0_09,4318.129921,4165.254406,11332916.0,11332948.0
2b,mixed,coh,mclb_hops_4_6,ft_x,uniform_random,20cpus,160dirs,3.0GHz,0_1,4397.828751,4241.652503,12589196.0,12589212.0
2b,mixed,coh,mclb_hops_4_6,ft_x,uniform_random,20cpus,160dirs,3.0GHz,0_11,4484.686183,4325.976629,13849666.0,13849688.0
2b,mixed,coh,mclb_hops_4_6,ft_x,uniform_random,20cpus,160dirs,3.0GHz,0_12,4581.170737,4421.105464,15112566.0,15112604.0
2b,mixed,coh,mclb_hops_4_6,ft_x,uniform_random,20cpus,160dirs,3.0GHz,0_13,4685.777756,4525.852281,16372248.0,16372281.0
2b,mixed,coh,mclb_hops_4_6,ft_x,uniform_random,20cpus,160dirs,3.0GHz,0_14,4801.526682,4643.821001,17633835.0,17633876.0
2b,mixed,coh,mclb_hops_4_6,ft_x,uniform_random,20cpus,160dirs,3.0GHz,0_15,4932.003344,4778.564405,18895127.0,18895174.0
2b,mixed,coh,mclb_hops_4_6,ft_x,uniform_random,20cpus,160dirs,3.0GHz,0_16,5078.114115,4933.385905,20155555.0,20155609.0
2b,mixed,coh,mclb_hops_4_6,ft_x,uniform_random,20cpus,160dirs,3.0GHz,0_17,5243.900833,5112.941714,21418289.0,21418330.0
2b,mixed,coh,mclb_hops_4_6,ft_x,uniform_random,20cpus,160dirs,3.0GHz,0_18,5434.528112,5325.48699,22678027.0,22678092.0
2b,mixed,coh,mclb_hops_4_6,ft_x,uniform_random,20cpus,160dirs,3.0GHz,0_19,5656.229568,5579.497416,23939973.0,23940034.0
2b,mixed,coh,mclb_hops_4_6,ft_x,uniform_random,20cpus,160dirs,3.0GHz,0_2,5921.236697,5893.306729,25198901.0,25198955.0
2b,mixed,coh,mclb_hops_4_6,ft_x,uniform_random,20cpus,160dirs,3.0GHz,0_21,6242.004353,6286.699616,26459780.0,26459858.0
2b,mixed,coh,mclb_hops_4_6,ft_x,uniform_random,20cpus,160dirs,3.0GHz,0_22,6638.671555,6792.967028,27719455.0,27719540.0
2b,mixed,coh,mclb_hops_4_6,ft_x,uniform_random,20cpus,160dirs,3.0GHz,0_23,7159.612557,7490.98783,28978550.0,28978637.0
2b,mixed,coh,mclb_hops_4_6,ft_x,uniform_random,20cpus,160dirs,3.0GHz,0_24,7887.718906,8513.312093,30238963.0,30239060.0
2b,mixed,coh,mclb_hops_4_6,ft_x,uniform_random,20cpus,160dirs,3.0GHz,0_25,9022.367385,10191.706089,31499479.0,31499591.0
2b,mixed,coh,mclb_hops_4_6,ft_x,uniform_random,20cpus,160dirs,3.0GHz,0_26,11209.82725,13602.552908,32758975.0,32759097.0
2b,mixed,coh,mclb_hops_4_6,ft_x,uniform_random,20cpus,160dirs,3.0GHz,0_27,18237.914342,25055.354593,34015773.0,34015897.0
2b,mixed,coh,mclb_hops_4_6,ft_x,uniform_random,20cpus,160dirs,3.0GHz,0_28,4030309.480919,6728950.45205,35139697.0,35139842.0
2b,mixed,coh,mclb_hops_4_6,ft_x,uniform_random,20cpus,160dirs,3.0GHz,0_29,23659596.030495,40060006.054033,35687654.0,35687790.0
2b,mixed,coh,mclb_hops_4_6,ft_x,uniform_random,20cpus,160dirs,3.0GHz,0_3,42296139.995111,72622029.029353,36198603.0,36198736.0
2b,mixed,coh,mclb_hops_4_6,ft_x,uniform_random,20cpus,160dirs,3.0GHz,0_31,59042412.996771,102784144.209791,36702936.0,36703088.0
2b,mixed,coh,mclb_hops_4_6,ft_x,uniform_random,20cpus,160dirs,3.0GHz,0_32,73916999.027952,130430031.161053,37211301.0,37211428.0
2b,mixed,coh,mclb_hops_4_6,ft_x,uniform_random,20cpus,160dirs,3.0GHz,0_33,87212142.184036,155959697.70813,37721755.0,37721907.0
2b,mixed,coh,mclb_hops_4_6,ft_x,uniform_random,20cpus,160dirs,3.0GHz,0_34,99165947.877352,179704266.38624,38228461.0,38228606.0
2b,mixed,coh,mclb_hops_4_6,ft_x,uniform_random,20cpus,160dirs,3.3GHz,0_02,5406.798699,5294.69189,2769793.0,2769799.0
2b,mixed,coh,mclb_hops_4_6,ft_x,uniform_random,20cpus,160dirs,3.3GHz,0_01,5350.729196,5244.001492,1384767.0,1384770.0
2b,mixed,coh,mclb_hops_4_6,ft_x,uniform_random,20cpus,160dirs,3.3GHz,0_03,5465.056324,5347.413379,4151658.0,4151666.0
2b,mixed,coh,mclb_hops_4_6,ft_x,uniform_random,20cpus,160dirs,3.3GHz,0_04,5527.936445,5405.11333,5534823.0,5534837.0
2b,mixed,coh,mclb_hops_4_6,ft_x,uniform_random,20cpus,160dirs,3.3GHz,0_05,5594.17438,5466.996249,6917613.0,6917628.0
2b,mixed,coh,mclb_hops_4_6,ft_x,uniform_random,20cpus,160dirs,3.3GHz,0_06,5666.081332,5533.785137,8300442.0,8300464.0
2b,mixed,coh,mclb_hops_4_6,ft_x,uniform_random,20cpus,160dirs,3.3GHz,0_07,5743.85807,5607.642318,9684247.0,9684262.0
2b,mixed,coh,mclb_hops_4_6,ft_x,uniform_random,20cpus,160dirs,3.3GHz,0_08,5827.161422,5687.056744,11069131.0,11069164.0
2b,mixed,coh,mclb_hops_4_6,ft_x,uniform_random,20cpus,160dirs,3.3GHz,0_09,5917.198286,5774.333645,12453942.0,12453977.0
2b,mixed,coh,mclb_hops_4_6,ft_x,uniform_random,20cpus,160dirs,3.3GHz,0_1,6016.524593,5872.445774,13836471.0,13836500.0
2b,mixed,coh,mclb_hops_4_6,ft_x,uniform_random,20cpus,160dirs,3.3GHz,0_11,6126.765202,5983.194623,15220511.0,15220557.0
2b,mixed,coh,mclb_hops_4_6,ft_x,uniform_random,20cpus,160dirs,3.3GHz,0_12,6250.845254,6110.51693,16607685.0,16607722.0
2b,mixed,coh,mclb_hops_4_6,ft_x,uniform_random,20cpus,160dirs,3.3GHz,0_13,6388.570214,6254.569487,17993653.0,17993701.0
2b,mixed,coh,mclb_hops_4_6,ft_x,uniform_random,20cpus,160dirs,3.3GHz,0_14,6544.905263,6422.169766,19380472.0,19380516.0
2b,mixed,coh,mclb_hops_4_6,ft_x,uniform_random,20cpus,160dirs,3.3GHz,0_15,6724.967949,6619.269792,20766961.0,20767020.0
2b,mixed,coh,mclb_hops_4_6,ft_x,uniform_random,20cpus,160dirs,3.3GHz,0_16,6932.90586,6853.600006,22154155.0,22154237.0
2b,mixed,coh,mclb_hops_4_6,ft_x,uniform_random,20cpus,160dirs,3.3GHz,0_17,7181.204888,7142.924419,23541551.0,23541626.0
2b,mixed,coh,mclb_hops_4_6,ft_x,uniform_random,20cpus,160dirs,3.3GHz,0_18,7479.233997,7502.718348,24926715.0,24926795.0
2b,mixed,coh,mclb_hops_4_6,ft_x,uniform_random,20cpus,160dirs,3.3GHz,0_19,7849.685668,7967.333303,26312385.0,26312487.0
2b,mixed,coh,mclb_hops_4_6,ft_x,uniform_random,20cpus,160dirs,3.3GHz,0_2,8333.035703,8601.800602,27695489.0,27695585.0
2b,mixed,coh,mclb_hops_4_6,ft_x,uniform_random,20cpus,160dirs,3.3GHz,0_21,8997.156383,9516.102573,29081792.0,29081879.0
2b,mixed,coh,mclb_hops_4_6,ft_x,uniform_random,20cpus,160dirs,3.3GHz,0_22,9997.254377,10968.267724,30465362.0,30465474.0
2b,mixed,coh,mclb_hops_4_6,ft_x,uniform_random,20cpus,160dirs,3.3GHz,0_23,11832.226126,13785.890867,31846518.0,31846652.0
2b,mixed,coh,mclb_hops_4_6,ft_x,uniform_random,20cpus,160dirs,3.3GHz,0_24,17041.427965,22196.432818,33231504.0,33231629.0
2b,mixed,coh,mclb_hops_4_6,ft_x,uniform_random,20cpus,160dirs,3.3GHz,0_25,2250061.61319,3748956.108826,34544341.0,34544497.0
2b,mixed,coh,mclb_hops_4_6,ft_x,uniform_random,20cpus,160dirs,3.3GHz,0_26,22677541.292416,38372646.688864,35199556.0,35199716.0
2b,mixed,coh,mclb_hops_4_6,ft_x,uniform_random,20cpus,160dirs,3.3GHz,0_27,43219156.65611,74266277.622529,35765304.0,35765465.0
2b,mixed,coh,mclb_hops_4_6,ft_x,uniform_random,20cpus,160dirs,3.3GHz,0_28,61434954.562576,107172308.437303,36333148.0,36333325.0
2b,mixed,coh,mclb_hops_4_6,ft_x,uniform_random,20cpus,160dirs,3.3GHz,0_29,77449737.008597,137132209.396817,36898903.0,36899086.0
2b,mixed,coh,mclb_hops_4_6,ft_x,uniform_random,20cpus,160dirs,3.3GHz,0_3,91543026.236827,164468818.891723,37468985.0,37469154.0
2b,mixed,coh,mclb_hops_4_6,ft_x,uniform_random,20cpus,160dirs,3.3GHz,0_31,104135177.073492,189822829.208236,38032280.0,38032451.0
2b,mixed,coh,mclb_hops_4_6,ft_x,uniform_random,20cpus,160dirs,3.3GHz,0_32,115126253.521684,212853648.139782,38597619.0,38597793.0
2b,mixed,coh,mclb_hops_4_6,ft_x,uniform_random,20cpus,160dirs,3.3GHz,0_33,124848890.997607,234067019.008417,39167189.0,39167357.0
2b,mixed,coh,mclb_hops_4_6,ft_x,uniform_random,20cpus,160dirs,3.3GHz,0_34,133420572.072612,253616185.569546,39732626.0,39732795.0
